pepe,12313122312,pepe gay,0,0.0,null,null,null
deigo,32323232,15deagosto,21,79.0,m,AVANZADO,Lunes-Martes-Miércoles-Viernes
pepe,32323238,pepe,89,191.0,m,AVANZADO,Lunes-Martes-Miércoles-Jueves
diego,21910067124,lia,21,91.0,m,INTERMEDIO,null
de,1234,de,34,90.0,m,INTERMEDIO,Domingo-Lunes-Martes-Miércoles
pepe,12345,lo,21,90.0,f,INTERMEDIO,null
ñoño,1234567,ñoño,212,78.0,m,PRINCIPIANTE,Lunes-Lunes-Martes-Miércoles
fefe,123456789,fefe,21,32.0,m,AVANZADO,Lunes-Martes-Miércoles-Jueves
maxi,3254698425,maxxx,15,79.0,m,INTERMEDIO,Lunes-Domingo-Sábado-Jueves
peña,32323245761,efe,32,90.0,M,PRINCIPIANTE,Lunes-Martes-Miércoles-Viernes
